{
  "Full v8.0 (完整)": {
    "n_samples": 200,
    "wer_mean": 0.20010105738701767,
    "wer_std": 0.2479126669837606,
    "wer_p90": 0.4699999999999998,
    "wer_p95": 1.0,
    "wer_disaster_rate": 8.5,
    "wer_disaster_count": 17,
    "secs_mean": 0.37735877685248853,
    "secs_std": 0.22951214469567102,
    "secs_p10": 0.10651959702372552,
    "secs_p05": 0.07382504306733609,
    "secs_disaster_rate": 37.0,
    "secs_disaster_count": 74,
    "combined_disaster_rate": 44.5,
    "combined_disaster_count": 89
  },
  "-TD-CFG (无时间衰减引导)": {
    "n_samples": 200,
    "wer_mean": 0.1970744175082262,
    "wer_std": 0.2453480905177437,
    "wer_p90": 0.5,
    "wer_p95": 1.0,
    "wer_disaster_rate": 8.0,
    "wer_disaster_count": 16,
    "secs_mean": 0.382478479584679,
    "secs_std": 0.21937276511897572,
    "secs_p10": 0.12340626642107964,
    "secs_p05": 0.07563679777085781,
    "secs_disaster_rate": 35.0,
    "secs_disaster_count": 70,
    "combined_disaster_rate": 42.0,
    "combined_disaster_count": 84
  },
  "-IBOP (无正交投影)": {
    "n_samples": 200,
    "wer_mean": 0.19425720010513914,
    "wer_std": 0.23069983014216008,
    "wer_p90": 0.5,
    "wer_p95": 0.7202380952380932,
    "wer_disaster_rate": 8.0,
    "wer_disaster_count": 16,
    "secs_mean": 0.37617946511832995,
    "secs_std": 0.22626645057295833,
    "secs_p10": 0.11942313611507416,
    "secs_p05": 0.07841108925640583,
    "secs_disaster_rate": 40.0,
    "secs_disaster_count": 80,
    "combined_disaster_rate": 45.5,
    "combined_disaster_count": 91
  },
  "-SBM (无薛定谔桥)": {
    "n_samples": 200,
    "wer_mean": 0.19883976222285626,
    "wer_std": 0.2397822727704838,
    "wer_p90": 0.5,
    "wer_p95": 1.0,
    "wer_disaster_rate": 8.0,
    "wer_disaster_count": 16,
    "secs_mean": 0.37946658066473904,
    "secs_std": 0.22598471064716122,
    "secs_p10": 0.10878987386822701,
    "secs_p05": 0.0671629436314106,
    "secs_disaster_rate": 37.5,
    "secs_disaster_count": 75,
    "combined_disaster_rate": 44.0,
    "combined_disaster_count": 88
  }
}