{
  "personavoice": {
    "secs": {
      "mean": 0.4945208428055048,
      "std": 0.18003856816383979,
      "sem": 0.012730649242376758,
      "ci_95_low": 0.46941655571945634,
      "ci_95_high": 0.5196251298915533,
      "n": 200,
      "min": -0.03095334768295288,
      "max": 0.8217276334762573,
      "median": 0.5225546360015869
    },
    "wer": {
      "mean": 0.19284451750693635,
      "std": 0.30774864176112526,
      "sem": 0.02176111514902412,
      "ci_95_low": 0.14993254407865358,
      "ci_95_high": 0.2357564909352191,
      "n": 200,
      "min": 0.0,
      "max": 1.0,
      "median": 0.058823529411764705
    }
  },
  "by_length_personavoice": {
    "threshold_words": 8,
    "short_text": {
      "n_samples": 48,
      "secs": {
        "mean": 0.46887042016411823,
        "std": 0.20963046249230594,
        "sem": 0.030257550987569645,
        "ci_95_low": 0.4080000789961803,
        "ci_95_high": 0.5297407613320562,
        "n": 48,
        "min": -0.03095334768295288,
        "max": 0.8217276334762573,
        "median": 0.5084807276725769
      },
      "wer": {
        "mean": 0.4047123015873016,
        "std": 0.4207608920433385,
        "sem": 0.06073160357142214,
        "ci_95_low": 0.28253607421889637,
        "ci_95_high": 0.5268885289557068,
        "n": 48,
        "min": 0.0,
        "max": 1.0,
        "median": 0.29166666666666663
      }
    },
    "long_text": {
      "n_samples": 152,
      "secs": {
        "mean": 0.5026209762712058,
        "std": 0.1696001765368038,
        "sem": 0.01375639083091426,
        "ci_95_low": 0.47544111407199563,
        "ci_95_high": 0.529800838470416,
        "n": 152,
        "min": 0.0,
        "max": 0.8070616722106934,
        "median": 0.5290850400924683
      },
      "wer": {
        "mean": 0.12593890148155784,
        "std": 0.22568864334331346,
        "sem": 0.01830576622811306,
        "ci_95_low": 0.08977038826856115,
        "ci_95_high": 0.16210741469455453,
        "n": 152,
        "min": 0.0,
        "max": 1.0,
        "median": 0.05
      }
    }
  }
}