{
  "version": "10.4.7",
  "n_samples": 200,
  "overall": {
    "secs_mean": 0.4945208428055048,
    "wer_mean": 0.19284451750693635,
    "cfr_wer_gt_0.5": 0.135
  },
  "short_text": {
    "n_samples": 53,
    "secs_mean": 0.46713737623309187,
    "wer_mean": 0.4066262353998203,
    "cfr": 0.3584905660377358
  },
  "long_text": {
    "n_samples": 147,
    "secs_mean": 0.5043937933384156,
    "wer_mean": 0.11576675527344756,
    "cfr": 0.05442176870748299
  },
  "ultra_short_text": {
    "n_samples": 22,
    "secs_mean": 0.4281719885766506,
    "wer_mean": 0.6628787878787878,
    "cfr": 0.6363636363636364,
    "perfect_rate": 0.22727272727272727,
    "catastrophic_rate": 0.5909090909090909
  }
}